{
  "type": "minecraft:the_end",
  "generator": {
    "type": "minecraft:noise",
    "settings": "minecraft:nether",
    "biome_source": {
      "type": "minecraft:multi_noise",
      "biomes": [
        {
          "biome": "minecraft:warped_forest",
          "parameters": {
            "temperature": [
              -0.8,
              -0.2
            ],
            "humidity": [
              -2,
              1
            ],
            "continentalness": [
              -1,
              1
            ],
            "erosion": [
              -1,
              1
            ],
            "weirdness": [
              -1,
              1
            ],
            "depth": 0,
            "offset": 0
          }
        },
        {
          "biome": "minecraft:end_barrens",
          "parameters": {
            "temperature": [
              -0.17,
              2
            ],
            "humidity": [
              -0.5,
              -0.1
            ],
            "continentalness": [
              0,
              0
            ],
            "erosion": [
              0,
              0
            ],
            "weirdness": [
              0,
              0
            ],
            "depth": 0,
            "offset": 0
          }
        },
        {
          "biome": "minecraft:small_end_islands",
          "parameters": {
            "temperature": [
              -0.21,
              0
            ],
            "humidity": [
              0,
              0
            ],
            "continentalness": [
              0,
              0
            ],
            "erosion": [
              0,
              0
            ],
            "weirdness": [
              0,
              0
            ],
            "depth": 0,
            "offset": 0
          }
        },
        {
          "biome": "minecraft:end_midlands",
          "parameters": {
            "temperature": [
              -0.1,
              1
            ],
            "humidity": [
              0.5,
              0.5
            ],
            "continentalness": [
              0,
              0
            ],
            "erosion": [
              0,
              0
            ],
            "weirdness": [
              0,
              0
            ],
            "depth": 0,
            "offset": 0
          }
        },
        {
          "biome": "minecraft:end_highlands",
          "parameters": {
            "temperature": [
              -0.3,
              -0.2
            ],
            "humidity": [
              -0.1,
              0.35
            ],
            "continentalness": [
              0,
              0
            ],
            "erosion": [
              0,
              0
            ],
            "weirdness": [
              0,
              0
            ],
            "depth": 0,
            "offset": 0.175
          }
        },
        {
          "biome": "minecraft:end_barrens",
          "parameters": {
            "temperature": [
              0,
              0
            ],
            "humidity": [
              0,
              0
            ],
            "continentalness": [
              0,
              0
            ],
            "erosion": [
              0,
              0
            ],
            "weirdness": [
              0,
              0
            ],
            "depth": 0,
            "offset": 0
          }
        }
      ]
    }
  }
}
